fips,population,median_income,business_count
01001,58761,68315,924
01003,233420,71039,5992
01005,24877,39712,423
01007,22251,50669,298
01009,59077,57440,726
01011,10328,36136,114
01013,18981,44429,430
01015,116162,54339,2222
01017,34612,48805,599
01019,25069,46621,369
01021,45140,62471,775
01023,12669,43299,244
01025,23058,47549,594
01027,14209,48074,190
01029,15144,51553,178
01031,53559,62199,991
01033,57270,56149,1244
01035,11576,39888,206
01037,10329,52279,95
01039,37542,48772,832
01041,13205,48557,229
01043,88284,58119,1786
01045,49455,52813,715
01047,38326,37180,675
01049,71680,47920,1154
01051,87694,73258,1255
01053,36755,41153,755
01055,103348,52177,1925
01057,16297,45650,265
01059,32011,47359,529
01061,26647,47608,429
01063,7706,32796,95
01065,14742,35851,188
01067,17282,58395,299
01069,107040,55064,2776
01071,52618,46748,837
01073,672265,63595,16851
01075,13885,49565,242
01077,94329,56081,1959
01079,33116,54786,403
01081,175126,59288,3124
01083,104199,80146,1535
01085,10153,33125,112
01087,19198,41206,200
01089,389781,78058,8881
01091,19180,42975,440
01093,29203,49743,548
01095,97923,58272,1880
01097,413878,55352,9283
01099,19816,39965,397
01101,228132,56707,5523
01103,123102,61588,2637
01105,8479,32332,106
01107,18925,45339,246
01109,32997,42616,647
01111,22179,49879,348
01113,58849,47420,831
01115,91719,73218,1416
01117,223916,90618,5447
01119,12196,31726,193
01121,81105,52457,1244
01123,41251,53282,789
01125,231558,61645,4166
01127,64978,52987,1247
01129,15434,51184,209
01131,10441,38208,180
01133,23655,49494,411
02013,3407,79961,58
02016,5219,100662,115
02020,290674,95731,8769
02050,18538,64094,213
02060,854,94167,105
02068,2101,87292,105
02070,4854,69412,108
02090,96299,81655,2542
02100,2079,68276,135
02105,2329,62344,83
02110,32108,95711,1109
02122,59235,76272,2287
02130,13910,82763,576
02150,13065,91138,457
02158,8372,42663,69
02164,999,61607,53
02170,108661,86435,2609
02180,10018,70121,174
02185,10924,83472,146
02188,7682,77647,68
02195,3374,77826,163
02198,5799,61779,172
02220,8462,95261,385
02230,1303,79583,98
02240,6888,75378,165
02275,2134,61000,98
02282,564,76875,30
02290,5355,47826,95
04001,66054,37483,445
04003,125504,58421,2112
04005,144705,67266,3836
04007,53419,55242,1039
04009,38453,64089,542
04011,9483,73756,84
04012,16681,46634,329
04013,4430871,80675,104022
04015,214229,53592,4108
04017,107110,50335,1791
04019,1042393,64323,20694
04021,433338,73313,4232
04023,47838,51885,1089
04025,237830,62430,6292
04027,204374,56439,3244
05001,17024,58695,494
05003,19018,44804,344
05005,41801,47403,1088
05007,286528,85269,7298
05009,37662,52275,857
05011,10461,43688,246
05013,4773,60237,56
05015,28362,56826,709
05017,10234,36593,191
05019,21469,48071,531
05021,14537,44685,281
05023,24948,52780,596
05025,7548,48913,74
05027,22707,47441,533
05029,20782,50282,406
05031,111038,55169,2651
05033,60593,56702,1056
05035,47945,51860,834
05037,16827,48129,365
05039,6472,40085,171
05041,11285,38067,284
05043,17309,44968,412
05045,124611,61273,2855
05047,17160,47695,298
05049,12183,38917,165
05051,100021,54229,2858
05053,18022,68598,291
05055,45954,54879,794
05057,20037,45049,375
05059,33129,50260,504
05061,12779,44824,264
05063,37910,52361,797
05065,13748,46159,212
05067,16784,41929,307
05069,66934,46855,1229
05071,25925,42470,381
05073,6277,40262,104
05075,16258,43606,279
05077,8666,33801,112
05079,13016,50526,153
05081,12024,58627,168
05083,21247,51131,360
05085,74292,68078,1109
05087,16737,51514,227
05089,16905,42891,239
05091,42682,47613,719
05093,40361,50012,752
05095,6787,41786,183
05097,8555,47103,133
05099,8292,43421,120
05101,7243,50699,87
05103,22606,47348,479
05105,10055,53980,121
05107,16373,37458,339
05109,10205,49248,219
05111,22997,43440,327
05113,19384,48449,418
05115,63475,51678,1549
05117,8217,47045,139
05119,398322,58326,12300
05121,18619,45993,318
05123,23138,39822,438
05125,123988,73236,2204
05127,9871,45340,137
05129,7880,42063,119
05131,128184,54047,3322
05133,15913,53567,254
05135,17422,43332,312
05137,12393,37664,241
05139,38815,49745,1036
05141,15900,45768,308
05143,247331,61985,5919
05145,77118,51144,1602
05147,6259,49608,128
05149,20342,55879,313
06001,1663823,122488,41470
06003,1515,101125,47
06005,40577,74853,818
06007,213605,66085,4615
06009,45674,77526,948
06011,21811,69619,394
06013,1162648,120020,25202
06015,27462,61149,410
06017,191713,99246,4824
06019,1008280,67756,18199
06021,28657,64033,487
06023,136132,57881,3181
06025,179578,53847,2584
06027,18829,63417,491
06029,906883,63883,13731
06031,152515,68540,1725
06033,68024,56259,1092
06035,31873,59515,397
06037,9936690,83411,297305
06039,157243,73543,2162
06041,260485,142019,10004
06043,17130,60021,320
06045,91145,61335,2437
06047,282290,64772,3340
06049,8651,54962,157
06051,13219,82038,662
06053,437609,91043,8951
06055,137384,105809,4404
06057,102322,79395,3230
06059,3175227,109361,103811
06061,406608,109375,11689
06063,19650,67885,615
06065,2429487,84505,43307
06067,1579211,84010,32196
06069,64753,104451,1047
06071,2180563,77423,39817
06073,3289701,96974,90254
06075,851036,136689,34098
06077,779445,82837,12703
06079,281712,90158,8727
06081,754250,149907,21407
06083,445213,92332,12119
06085,1916831,153792,48749
06087,268571,104409,7078
06089,181852,68347,4516
06091,2916,61108,77
06093,44049,53898,1053
06095,450995,97037,7428
06097,488436,99266,14399
06099,552063,74872,9611
06101,99101,72654,2045
06103,65484,59029,1009
06105,15889,47317,255
06107,473446,64474,6762
06109,54993,70432,1248
06111,842009,102141,22158
06113,217141,85097,4372
06115,81705,66693,835
08001,520149,86297,10886
08003,16460,52271,498
08005,654453,92292,19798
08007,13509,66813,548
08009,3496,42115,82
08011,5561,45776,50
08013,328658,99770,13150
08014,73946,117541,2294
08015,19564,65703,1069
08017,1726,65577,66
08019,9403,87169,329
08021,7553,44093,120
08023,3534,34578,49
08025,5782,40685,45
08027,4885,66250,153
08029,31173,56349,857
08031,710800,85853,27285
08033,2329,64708,63
08035,360206,139010,10209
08037,55650,98887,3651
08039,26457,124360,658
08041,730323,82748,18618
08043,49107,56165,928
08045,61683,82772,2615
08047,5856,95902,133
08049,15724,79367,917
08051,17018,76538,1178
08053,911,58712,73
08055,6896,49631,159
08057,1440,38686,65
08059,580519,103167,17948
08061,1347,45250,37
08063,7039,58992,268
08065,7403,78942,242
08067,55983,81936,2458
08069,359363,87199,11597
08071,14422,48965,357
08073,5583,59167,149
08075,21302,54864,566
08077,156131,68077,4644
08079,794,58929,69
08081,13232,63983,402
08083,26070,61377,771
08085,42823,62817,1418
08087,29045,70471,721
08089,18580,47500,405
08091,4936,78750,323
08093,17597,85019,516
08095,4493,58474,133
08097,17325,96123,1701
08099,11968,49422,329
08101,168135,59436,3257
08103,6511,69882,201
08105,11442,57591,367
08107,24944,95144,1854
08109,6454,51946,138
08111,690,67344,77
08113,8082,72829,696
08115,2391,45855,66
08117,30955,100611,2320
08119,24758,69655,821
08121,4817,59087,114
08123,331466,89182,7001
08125,9938,60118,358
10001,182400,69278,4485
10003,570567,85309,17451
10005,240668,75406,6196
11001,670587,101722,24089
12001,279729,57566,6519
12003,27969,67872,423
12005,181055,65999,4994
12007,27816,54759,440
12009,610723,71308,15040
12011,1940907,70331,67130
12013,13753,41526,187
12015,189900,62164,4310
12017,155173,52569,2900
12019,219650,82242,4267
12021,380221,82011,13545
12023,69832,53501,1454
12027,34258,45000,522
12029,16737,45057,200
12031,995708,65579,27467
12033,321296,61642,7410
12035,117515,69251,2485
12037,12276,58107,309
12039,43746,45721,709
12041,18070,56823,265
12043,12179,37221,118
12045,15002,56250,344
12047,13492,47668,169
12049,25528,44665,412
12051,39902,49259,682
12053,196621,59202,3660
12055,102339,53679,2044
12057,1468560,70612,41388
12059,19529,46063,284
12061,160986,67543,4632
12063,47704,46144,827
12065,14458,51573,282
12067,8107,57852,103
12069,386829,66239,8338
12071,772902,69368,21202
12073,294128,61317,7938
12075,43268,49933,810
12077,7704,51723,93
12079,17986,43386,314
12081,405069,71385,10386
12083,378225,55265,7810
12085,159399,77894,6045
12086,2688237,64215,94579
12087,82044,80111,4010
12089,91538,84085,2072
12091,212021,73988,5796
12093,39870,50476,870
12095,1427403,72629,43195
12097,393745,64312,7722
12099,1494805,76066,53746
12101,569211,63187,11121
12103,959918,66406,31001
12105,736229,60901,13164
12107,73604,44852,1279
12109,278722,100020,7699
12111,334682,66154,6758
12113,188994,84715,3214
12115,439392,77213,15198
12117,471321,79490,14695
12119,131832,70105,1850
12121,43881,49729,675
12123,21421,46239,404
12125,15524,64043,134
12127,558520,63075,13872
12129,33732,72035,479
12131,76618,74832,2967
12133,25014,47536,428
13001,18441,43268,397
13003,8265,38007,88
13005,11138,43938,231
13007,2878,45417,29
13009,43778,54699,848
13011,18381,69096,306
13013,84399,75053,1435
13015,109410,74812,2282
13017,17169,38255,287
13019,18187,48670,256
13021,156554,48897,4166
13023,12413,56021,161
13025,18105,40166,216
13027,16275,42263,216
13029,44995,90627,768
13031,79829,53675,1569
13033,24337,50321,358
13035,25522,60076,410
13037,5594,48663,71
13039,55105,68104,881
13043,10946,45519,224
13045,120060,66895,2279
13047,68052,68896,983
13049,12547,45770,151
13051,296266,66171,8423
13053,9402,52943,101
13055,24902,43556,315
13057,268567,100824,6108
13059,128864,48692,3162
13061,2855,43264,39
13063,296312,56207,4242
13065,6713,53350,128
13067,765813,94244,22038
13069,43056,48398,837
13071,45813,47235,911
13073,156921,92571,2710
13075,17242,46706,312
13077,147449,90031,2928
13079,12156,56948,119
13081,20255,47463,492
13083,16239,59531,226
13085,27355,84516,808
13087,29063,47383,611
13089,761209,76044,18496
13091,19977,46091,307
13093,11236,54109,151
13095,85038,45640,2254
13097,144735,76930,2881
13099,10753,48355,206
13101,3707,61184,30
13103,65314,79474,859
13105,19570,48190,434
13107,22907,47905,369
13109,10759,55222,222
13111,25436,54857,690
13113,119259,105910,3855
13115,98541,57868,2073
13117,253225,131660,7341
13119,23480,52597,478
13121,1061944,86267,40620
13123,31519,70334,626
13125,2903,60469,28
13127,84566,65970,2643
13129,57785,57555,1039
13131,26075,51929,445
13133,19020,77527,480
13135,957977,82296,26819
13137,46326,61292,913
13139,204953,74153,4846
13141,8588,31767,71
13143,30178,65940,504
13145,34914,85936,454
13147,26110,61765,442
13149,11489,62965,112
13151,240853,79663,4489
13153,164117,76968,2705
13155,9487,46383,109
13157,77033,82056,1507
13159,14882,57374,202
13161,14791,41780,247
13163,15591,46865,305
13165,8704,31463,101
13167,9225,47796,122
13169,28382,66288,353
13171,18676,64966,279
13173,9964,39971,99
13175,49407,46776,1076
13177,32968,83632,434
13179,65550,55149,891
13181,7726,50754,159
13183,16804,56819,103
13185,118257,52821,2828
13187,33405,67592,549
13189,21715,54752,424
13191,11183,51262,182
13193,12099,33960,168
13195,30378,53626,393
13197,7508,48836,91
13199,20679,52392,319
13201,5923,52132,132
13205,21634,45966,357
13207,28287,74867,570
13209,8687,49138,98
13211,20171,81524,535
13213,40063,60617,404
13215,204572,54561,4457
13217,113298,70732,1600
13219,41978,116221,1334
13221,14974,66672,186
13223,169898,89237,2338
13225,28054,60940,496
13227,33439,72558,753
13229,19822,54861,345
13231,19145,83866,300
13233,43019,51956,618
13235,9887,42545,173
13237,22206,60825,489
13239,2180,38889,34
13241,16915,57261,513
13243,6365,24638,128
13245,206153,50605,4279
13247,93641,68999,2276
13249,4565,53274,64
13251,14026,49941,228
13253,9117,46063,171
13255,67415,57367,1221
13257,26732,52901,545
13259,5121,43094,58
13261,29378,38899,610
13263,5793,48065,66
13265,1635,45881,17
13267,24309,51868,309
13269,7799,40727,125
13271,12619,41801,178
13273,9004,43507,171
13275,45665,55958,1147
13277,41247,52561,1078
13279,26946,47310,689
13281,12546,55574,301
13283,6411,38641,78
13285,69527,53599,1676
13287,8894,39666,154
13289,7955,50446,77
13291,24880,59783,632
13293,27638,48740,447
13295,68065,52276,718
13297,97752,79425,1888
13299,35917,44138,885
13301,5197,45091,78
13303,19975,43810,344
13305,30277,49847,597
13307,2354,35000,31
13309,7550,36354,50
13311,28165,66256,672
13313,103033,59659,2244
13315,8839,46759,89
13317,9610,51780,183
13319,8852,40757,141
13321,20706,56496,265
15001,202163,74238,4251
15003,1010100,99816,20973
15007,73511,88869,2149
15009,164765,95379,4818
16001,497494,83881,16272
16003,4464,55891,117
16005,87434,60998,2266
16007,6436,63244,142
16009,9731,54191,268
16011,48253,69433,957
16013,24248,81794,1657
16015,7809,70776,190
16017,47976,61816,1786
16019,124490,73103,3916
16021,12335,58810,425
16023,2605,37358,52
16025,1133,63750,34
16027,235006,68473,5355
16029,7058,65380,186
16031,24859,63525,741
16033,756,53500,15
16035,8810,55885,230
16037,4344,60357,192
16039,28752,55000,454
16041,14376,61679,359
16043,13519,67015,365
16045,19250,65204,472
16047,15520,60938,374
16049,16787,54745,526
16051,31383,77491,636
16053,24474,67347,603
16055,173396,71949,5761
16057,39872,62258,1014
16059,8043,49216,312
16061,3630,46484,110
16063,5203,62250,98
16065,52487,53025,1009
16067,21626,63594,473
16069,42200,65023,1168
16071,4572,67383,100
16073,12043,58440,227
16075,25571,62721,596
16077,7918,56671,184
16079,13399,44807,348
16081,11813,88906,588
16083,90592,61183,2890
16085,11830,72878,710
16087,10612,50046,222
17001,65583,63767,1763
17003,5261,40365,80
17005,16750,58617,301
17007,53459,80502,855
17009,6334,64760,116
17011,33203,64165,697
17013,4472,88059,73
17015,15594,61539,365
17017,12955,64826,232
17019,206525,61090,4249
17021,33893,56933,714
17023,15467,65874,328
17025,13248,58028,328
17027,36998,78054,890
17029,47076,53732,1110
17031,5225367,78304,134715
17033,18729,64163,412
17035,10447,71274,182
17037,100686,68617,1961
17039,15535,61823,352
17041,19714,67177,570
17043,930559,107035,34061
17045,16852,56687,332
17047,6182,60784,135
17049,34594,73181,1251
17051,21464,51962,476
17053,13484,58930,336
17055,37810,51031,684
17057,33691,57223,600
17059,4967,51868,83
17061,12015,58900,207
17063,52624,89993,1188
17065,8008,60574,180
17067,17582,61026,377
17069,3665,53026,58
17071,6374,64946,107
17073,49157,66313,1025
17075,27043,62866,627
17077,53176,44847,1220
17079,9295,67429,216
17081,37043,58384,895
17083,21462,77607,403
17085,21942,67729,663
17087,13313,63295,168
17089,517254,96400,13181
17091,107421,65489,2270
17093,132795,106358,2419
17095,49751,50263,975
17097,713159,104553,19831
17099,109495,67942,2537
17101,15302,55811,234
17103,34221,64588,712
17105,35771,68175,842
17107,28027,62547,542
17109,27370,48904,615
17111,311133,100101,8039
17113,171284,75356,3411
17115,103542,59622,2324
17117,44907,64706,827
17119,265512,71759,5549
17121,37543,59099,841
17123,11740,64940,237
17125,13074,58479,256
17127,14135,57365,220
17129,12284,84846,200
17131,15692,67028,263
17133,34905,100685,818
17135,28352,61796,673
17137,32882,61188,777
17139,14531,72833,327
17141,51672,75782,1020
17143,181186,63409,4248
17145,20996,56338,371
17147,16698,81151,324
17149,14776,55514,347
17151,3799,57582,47
17153,5177,41038,84
17155,5628,75726,123
17157,30413,63860,632
17159,15716,61607,436
17161,143819,64435,3062
17163,256791,68915,5077
17165,23662,51710,525
17167,196122,71653,4826
17169,6879,63737,153
17171,4899,70500,79
17173,21042,65585,412
17175,5395,58125,114
17177,44482,57527,1017
17179,131276,74606,2739
17181,17122,54090,350
17183,74113,52787,1337
17185,11321,54074,242
17187,16760,62700,355
17189,13781,75111,368
17191,16127,53522,362
17193,13834,54605,339
17195,55569,62828,1140
17197,696774,103678,16469
17199,67120,60325,1559
17201,284591,61738,6251
17203,38414,80093,763
18001,35827,61731,747
18003,385456,66222,9432
18005,82371,76912,1889
18007,8709,58620,176
18009,12074,51108,232
18011,71235,103038,1733
18013,15513,73933,348
18015,20397,61464,388
18017,37820,55862,651
18019,121484,69005,2580
18021,26396,68364,479
18023,33020,59515,601
18025,10511,46706,131
18027,33337,64113,927
18029,50709,80352,939
18031,26432,71566,641
18033,43312,68110,1003
18035,112156,53377,2321
18037,43584,68945,1295
18039,206841,63978,5057
18041,23391,52219,404
18043,80191,75686,1877
18045,16468,60559,321
18047,22850,75985,438
18049,20420,62644,446
18051,33006,64153,701
18053,66560,53033,1232
18055,30900,57771,545
18057,349527,114866,9847
18059,80170,85262,1490
18061,39684,71302,666
18063,175639,95261,3651
18065,48913,57632,846
18067,83452,62014,1759
18069,36699,59894,868
18071,46212,65609,988
18073,33045,77777,743
18075,20451,52231,402
18077,33057,57801,672
18079,27610,66892,429
18081,161952,82730,3456
18083,36148,58173,841
18085,80442,70945,1988
18087,40364,81658,937
18089,497682,66375,10280
18091,112215,66854,2232
18093,45113,64210,884
18095,130545,60060,2286
18097,971737,59504,23865
18099,46208,66016,1092
18101,9863,65489,210
18103,35952,59551,572
18105,140065,60308,3039
18107,38018,62937,847
18109,71757,79134,1210
18111,13829,63673,241
18113,47431,70286,891
18115,5974,66333,84
18117,19768,60775,389
18119,21361,57947,312
18121,16327,63393,270
18123,19186,58936,340
18125,12227,64182,196
18127,173355,82915,3639
18129,25226,75594,500
18131,12498,56823,311
18133,36942,70609,726
18135,24586,59674,479
18137,28990,70285,646
18139,16716,62386,385
18141,272388,61877,5917
18143,24403,49343,396
18145,44940,66449,931
18147,19935,66168,419
18149,23308,59916,301
18151,34507,68837,964
18153,20791,54556,315
18155,9896,66525,125
18157,186955,55728,3664
18159,15328,71947,316
18161,7041,68514,118
18163,179900,58839,5064
18165,15488,59567,250
18167,106355,52789,2377
18169,31032,66194,731
18171,8454,72833,133
18173,64065,91105,1230
18175,28133,60695,443
18177,66522,54854,1426
18179,28167,68074,642
18181,24630,65345,578
18183,34259,73636,684
19001,7479,63172,206
19003,3680,64750,109
19005,14046,64049,379
19007,12279,50684,294
19009,5651,54973,181
19011,25652,79444,529
19013,131041,62329,3155
19015,26700,75759,590
19017,25012,84727,566
19019,20631,73493,479
19021,20687,62662,516
19023,14376,65743,337
19025,9893,65614,282
19027,20728,68041,840
19029,13116,60815,451
19031,18479,76959,461
19033,42979,63149,1357
19035,11601,63638,339
19037,11957,72734,379
19039,9737,63120,181
19041,16423,61756,570
19043,17123,60441,495
19045,46488,61080,1126
19047,16450,61188,411
19049,100367,99533,2274
19051,9093,77176,171
19053,7684,56068,139
19055,17523,75896,520
19057,38824,58084,1089
19059,17692,72446,791
19061,98812,73495,2762
19063,9349,64461,277
19065,19519,56043,521
19067,15601,62356,370
19069,10015,62214,288
19071,6639,69375,192
19073,8801,56884,251
19075,12351,80701,290
19077,10619,75795,306
19079,14979,66685,363
19081,10790,67865,316
19083,16861,64656,513
19085,14623,75830,361
19087,20436,62365,464
19089,9479,63947,253
19091,9606,66617,291
19093,6969,63125,247
19095,16575,69787,462
19097,19470,69709,515
19099,37808,67784,763
19101,15785,52210,651
19103,153360,72977,3424
19105,20733,68781,510
19107,10026,60016,219
19109,14718,62553,554
19111,33442,58094,825
19113,229308,75457,5710
19115,10823,72500,221
19117,8666,63405,190
19119,12023,73735,391
19121,16609,88110,418
19123,22059,65200,552
19125,33487,74193,862
19127,40049,70828,795
19129,14605,81907,302
19131,10537,66056,311
19133,8671,59897,228
19135,7574,76324,177
19137,10285,61261,304
19139,42968,67427,929
19141,14138,65076,489
19143,6149,67561,199
19145,15225,58264,393
19147,8938,67306,278
19149,25621,79963,695
19151,7061,61434,210
19153,493378,78827,13749
19155,93543,68718,1973
19157,18608,61192,587
19159,4690,67898,138
19161,9778,68778,320
19163,174315,72792,4480
19165,11737,70295,383
19167,35815,81914,1348
19169,98573,66197,2180
19171,17017,65483,307
19173,5916,65926,141
19175,12107,56495,308
19177,7207,58417,137
19179,35292,56209,700
19181,52709,89741,966
19183,22534,71122,692
19185,6484,58257,136
19187,36986,65335,1005
19189,10704,62853,308
19191,20050,67770,608
19193,105526,68399,2591
19195,7417,69897,176
19197,12897,58240,369
20001,12554,55059,348
20003,7799,67651,188
20005,16309,55281,355
20007,4081,53774,176
20009,25477,54634,901
20011,14405,55826,349
20013,9486,55876,278
20015,67618,77724,1327
20017,2570,52481,65
20019,3389,51210,67
20021,19380,53382,327
20023,2619,52730,107
20025,1977,58287,62
20027,8088,57765,272
20029,9008,51197,287
20031,8334,67645,210
20033,1825,49754,70
20035,34661,55726,686
20037,39012,49779,942
20039,2771,49412,93
20041,18492,62971,438
20043,7501,66358,152
20045,119094,66153,2743
20047,2849,52750,75
20049,2453,50000,56
20051,28921,59665,1106
20053,6374,59844,164
20055,38187,68481,1017
20057,34212,67997,780
20059,25968,68217,552
20061,36247,57992,582
20063,2758,59417,129
20065,2430,47071,86
20067,7336,84808,214
20069,5719,74500,237
20071,1279,69948,40
20073,6001,51812,159
20075,2520,58750,73
20077,5457,53032,187
20079,33959,70685,747
20081,3735,66458,114
20083,1770,63125,46
20085,13274,70385,253
20087,18387,74562,309
20089,2929,47109,80
20091,610742,103644,18623
20093,3964,68750,86
20095,7369,59640,216
20097,2445,70347,85
20099,20096,56143,439
20101,1528,52222,64
20103,82050,84307,1273
20105,2929,52540,82
20107,9696,56697,198
20109,2752,70382,106
20111,32182,56415,819
20113,30085,71250,897
20115,11867,60011,261
20117,10014,64306,366
20119,4019,74063,121
20121,34312,85564,764
20123,5829,63008,237
20125,31448,51513,738
20127,5385,52866,133
20129,2688,57943,70
20131,10219,72788,369
20133,15826,54894,421
20135,2677,64907,125
20137,5431,52710,179
20139,15787,66155,242
20141,3493,58750,130
20143,5768,74551,132
20145,6288,54141,138
20147,4960,57611,224
20149,25482,85241,652
20151,9175,61685,367
20153,2544,61827,96
20155,61881,57390,1578
20157,4686,54531,173
20159,9441,58523,257
20161,72105,56327,1607
20163,4925,60821,171
20165,2939,53523,93
20167,6702,49929,249
20169,54160,59887,1466
20171,5128,53365,194
20173,522700,65372,12404
20175,21942,57131,528
20177,178625,63463,4023
20179,2450,66719,108
20181,5940,61404,259
20183,3561,50943,126
20185,4054,60000,117
20187,2060,66000,56
20189,5275,67950,134
20191,22517,59397,470
20193,7907,72417,332
20195,2798,77500,118
20197,6922,70000,128
20199,1489,57708,55
20201,5529,59432,200
20203,2131,69551,88
20205,8667,55439,210
20207,3134,50670,75
20209,167989,57771,3107
21001,18887,49690,321
21003,20773,57159,247
21005,23839,69885,342
21007,7742,57111,151
21009,44511,48141,812
21011,12739,51471,144
21013,24248,33658,455
21015,136150,91697,3153
21017,20228,54580,369
21019,48242,58327,1200
21021,30613,56568,766
21023,8420,59911,90
21025,13580,38209,149
21027,20528,51756,284
21029,82482,73900,1222
21031,12365,47589,182
21033,12635,52488,267
21035,37345,48276,876
21037,93122,71979,1715
21039,4782,53065,88
21041,10842,50625,225
21043,26671,47004,403
21045,15942,42190,220
21047,72766,48920,1263
21049,36897,61878,757
21051,20322,37888,226
21053,9295,41180,170
21055,8979,45810,149
21057,5974,40515,103
21059,102916,64021,2378
21061,12179,53029,115
21063,7378,39469,39
21065,14138,39980,174
21067,321276,66087,8948
21069,15111,46885,221
21071,35780,38723,687
21073,51475,62929,1203
21075,6480,35449,118
21077,8720,58641,88
21079,17175,58263,231
21081,25085,65461,368
21083,36701,52526,692
21085,26465,47024,436
21087,11198,38595,164
21089,35853,58562,466
21091,9058,68102,132
21093,111005,64136,2219
21095,26589,35128,354
21097,18803,58840,278
21099,19345,45561,266
21101,44770,56912,982
21103,15731,58294,209
21105,4491,68589,75
21107,45223,54466,890
21109,13002,38516,103
21111,779232,66296,20123
21113,53381,69905,1226
21115,22631,44231,344
21117,169066,76016,3214
21119,14282,38336,154
21121,30207,34254,455
21123,14902,57867,200
21125,62442,53693,1202
21127,16228,42488,199
21129,7338,31682,92
21131,10468,37019,98
21133,21490,38466,276
21135,13063,36662,125
21137,24320,49487,289
21139,8980,56125,139
21141,27498,58869,472
21143,8721,64081,162
21145,67573,58490,2037
21147,16892,35000,155
21149,9173,64020,160
21151,92955,59797,1736
21153,11647,31927,149
21155,19627,49627,340
21157,31706,64597,698
21159,11298,45265,130
21161,17068,48460,416
21163,29964,68518,360
21165,6174,43797,56
21167,22662,60728,344
21169,10313,46932,118
21171,11331,47252,206
21173,28188,53436,546
21175,13840,46018,145
21177,30735,50935,509
21179,46779,66212,990
21181,7613,57539,73
21183,23782,52474,356
21185,67997,117334,1311
21187,11229,56485,124
21189,4054,32844,39
21191,14638,58723,177
21193,28136,45330,546
21195,58196,41271,1094
21197,13089,38415,174
21199,65145,48768,1437
21201,2207,53798,20
21203,16171,45693,198
21205,24551,50038,527
21207,18021,48220,337
21209,57286,80782,1001
21211,48105,81012,1072
21213,19574,55907,394
21215,19549,101118,224
21217,26056,63211,603
21219,12281,57891,195
21221,14154,55864,218
21223,8510,66492,75
21225,13495,58260,248
21227,135307,63074,2913
21229,12025,65456,242
21231,19666,41583,273
21233,12951,55451,206
21235,36648,44332,607
21237,6573,28666,87
21239,26886,78295,566
22001,57674,44977,1131
22003,22798,52755,303
22005,126973,93800,2530
22007,21067,47023,240
22009,39529,38696,689
22011,36553,68525,622
22013,12958,34268,211
22015,128877,64598,2577
22017,236259,47572,6036
22019,210770,64370,4651
22021,9658,45707,169
22023,5447,69847,131
22025,8895,48259,172
22027,14203,32034,201
22029,18677,38929,349
22031,26821,49807,430
22033,454369,62083,12559
22035,7371,30856,108
22037,19452,64709,247
22039,32335,34526,498
22041,19752,41129,404
22043,22185,57362,196
22045,69958,55190,1490
22047,30210,59410,551
22049,15093,40406,240
22051,436171,63257,11783
22053,32277,52470,655
22055,243175,66617,8674
22057,97220,61381,1695
22059,14764,59926,348
22061,48323,37001,1140
22063,143425,77978,1988
22065,10028,34508,180
22067,25438,37875,431
22069,37478,41310,809
22071,380408,51116,9909
22073,159585,49261,4209
22075,23305,77996,636
22077,20652,53045,343
22079,129536,55407,3133
22081,7631,43821,125
22083,20028,48125,422
22085,22209,40777,468
22087,44038,55857,686
22089,52191,79191,984
22091,10872,46402,113
22093,20090,62946,330
22095,41986,65114,723
22097,82574,44478,1572
22099,51856,50806,936
22101,49114,47322,1095
22103,266168,76914,6807
22105,133953,55274,2598
22107,4127,35653,61
22109,108862,63088,2662
22111,21049,47068,348
22113,57202,56194,966
22115,48452,56547,666
22117,45514,41803,636
22119,36761,34263,764
22121,27377,80510,585
22123,9800,45035,166
22125,15358,71985,190
22127,13665,44922,272
23001,111532,64500,2867
23003,67237,50843,1877
23005,303357,87710,12028
23007,29839,56890,888
23009,55851,64149,2333
23011,124003,62118,3216
23013,40729,68904,1803
23015,35466,69638,1399
23017,58276,54780,1352
23019,152640,59438,4153
23021,16936,51805,466
23023,36868,77591,980
23025,50656,53527,1185
23027,39772,62694,1012
23029,31096,51669,820
23031,212691,79743,5738
24001,68161,55248,1472
24003,588109,116009,14547
24005,850737,88157,20243
24009,93244,128078,1734
24011,33320,65326,597
24013,173225,111672,4197
24015,103876,86869,1738
24017,167035,116882,2710
24019,32557,57490,658
24021,273829,115724,6348
24023,28856,64447,928
24025,261059,106417,5559
24027,332011,140971,9682
24029,19289,71635,590
24031,1056910,125583,27586
24033,957189,97935,16130
24035,50316,108332,1401
24037,113814,113668,2009
24039,24672,52149,346
24041,37663,81667,1457
24043,154645,73017,3434
24045,103815,69421,2479
24047,52827,76689,2186
24510,584548,58349,12383
25001,229436,90447,8655
25003,128763,69744,3740
25005,576699,80628,12904
25007,20543,93225,1174
25009,806103,94378,19381
25011,70980,70383,1536
25013,464575,66619,9295
25015,153931,84025,3436
25017,1623109,121304,44320
25019,14065,135590,1199
25021,722112,120621,20267
25023,529548,105387,12953
25025,785443,87669,21813
25027,858898,88524,18556
26001,10238,50295,171
26003,8866,55528,227
26005,120189,75543,2462
26007,28911,49133,801
26009,23662,68850,581
26011,15031,53487,319
26013,8245,51911,169
26015,62581,75182,935
26017,103752,57887,2028
26019,18058,71327,474
26021,153938,60379,3513
26023,44795,60600,813
26025,134011,58191,2414
26027,51604,65183,764
26029,26174,69764,844
26031,25709,59557,743
26033,36670,58408,778
26035,30998,47816,567
26037,79249,82594,1354
26039,13197,57998,303
26041,36839,53852,978
26043,25937,59651,808
26045,109072,77158,2149
26047,34072,69690,1527
26049,405280,58594,7646
26051,25461,53717,400
26053,14597,47913,354
26055,95315,75553,3435
26057,41534,57934,721
26059,45698,59425,753
26061,37414,52736,873
26063,31461,54475,887
26065,282540,62548,6085
26067,66663,71720,882
26069,25319,46224,608
26071,11585,52241,349
26073,64938,52638,1375
26075,160637,62581,2962
26077,261426,67905,5595
26079,17934,56380,339
26081,657321,76247,17226
26083,2088,55560,62
26085,12285,45946,158
26087,88687,75402,1717
26089,22426,82345,772
26091,99263,65484,1764
26093,194302,96135,4360
26095,5442,51015,165
26097,10843,60620,450
26099,878453,73876,19119
26101,25058,59467,566
26103,66376,63115,1623
26105,29178,60744,713
26107,40128,54132,717
26109,23433,54074,447
26111,83503,73643,1781
26113,15089,57667,309
26115,154823,72573,2346
26117,66901,61250,1033
26119,9261,46345,208
26121,175947,61347,3088
26123,50130,59065,827
26125,1272264,92620,39178
26127,26707,60691,477
26129,20820,50377,552
26131,5862,48316,167
26133,23022,54875,432
26135,8264,48692,187
26137,25221,62865,820
26139,296183,83932,6514
26141,13083,55986,313
26143,23556,49898,536
26145,189821,56579,4100
26147,160257,66887,3049
26149,60887,62281,1125
26151,40759,55740,811
26153,8062,55071,217
26155,68124,62498,1134
26157,53218,59815,814
26159,75636,65531,1285
26161,370231,84245,8150
26163,1781641,57223,33056
26165,33766,58652,894
27001,15859,56406,411
27003,363985,95782,8226
27005,35202,68683,956
27007,46274,62173,1251
27009,41300,70346,929
27011,5161,63024,178
27013,69022,70906,1941
27015,25880,67038,803
27017,36362,74660,680
27019,107216,116308,2619
27021,30288,61970,867
27023,12466,62112,375
27025,56927,97446,1334
27027,65307,75006,1325
27029,8541,62723,195
27031,5611,71937,289
27033,11481,63586,339
27035,66558,65975,2227
27037,439179,101360,10770
27039,20893,92890,403
27041,39081,72472,1355
27043,13931,64000,399
27045,21251,73234,586
27047,30857,65679,761
27049,47697,78338,1257
27051,6091,67600,208
27053,1270787,92595,40630
27055,18826,71580,417
27057,21479,67197,602
27059,41257,84063,952
27061,45054,63962,1144
27063,9990,68368,298
27065,16145,68995,303
27067,43686,73285,1401
27069,4191,66000,145
27071,12072,59779,374
27073,6736,66967,200
27075,10915,73860,316
27077,3786,61667,167
27079,28795,87180,719
27081,5630,64750,190
27083,25352,68919,821
27085,36727,73296,953
27087,5389,52739,97
27089,9017,69396,253
27091,19960,61674,601
27093,23352,75926,593
27095,26680,68088,719
27097,34023,66264,921
27099,40082,66972,804
27101,8170,71500,263
27103,34380,79113,695
27105,22194,62973,578
27107,6457,65278,175
27109,162307,90420,3658
27111,60072,67990,1727
27113,13995,71504,368
27115,29090,65059,631
27117,9380,68341,308
27119,31128,69540,740
27121,11312,71212,375
27123,547202,78108,13624
27125,3912,73889,95
27127,15428,65617,510
27129,14707,66313,460
27131,67152,78214,1539
27133,9659,75060,288
27135,15294,70122,413
27137,200122,66491,5305
27139,151347,118268,3516
27141,97820,99431,2239
27143,14950,74781,365
27145,158622,73105,4406
27147,37396,79722,1011
27149,9682,69737,313
27151,9806,58362,306
27153,25277,63216,562
27155,3345,63456,117
27157,21460,75063,568
27159,14108,54747,384
27161,18953,71856,449
27163,268651,110828,6243
27165,11205,65197,293
27167,6454,67114,146
27169,49792,66162,1155
27171,142543,102980,3556
27173,9569,70605,324
28001,29425,37271,735
28003,34717,47716,779
28005,12683,34866,183
28007,17842,42680,340
28009,7637,38750,77
28011,30688,37845,680
28013,13193,44505,236
28015,9930,42285,119
28017,17024,40224,319
28019,8208,41887,126
28021,9044,34282,100
28023,15553,46329,218
28025,18598,37412,336
28027,21264,36075,505
28029,28210,46889,447
28031,18323,40164,328
28033,186214,79666,3186
28035,77917,49340,1720
28037,7690,43942,119
28039,24547,51349,335
28041,13672,50000,121
28043,21474,45745,540
28045,46010,63623,773
28047,208748,55211,4274
28049,226541,48596,5073
28051,16848,28818,222
28053,7744,31907,133
28055,1206,17900,15
28057,23888,57252,387
28059,143721,60045,2340
28061,16320,43914,201
28063,7207,31544,64
28065,11291,36473,127
28067,67152,49451,1296
28069,8980,42947,110
28071,56172,59748,1360
28073,64425,67972,1473
28075,72741,45649,1796
28077,11933,41096,176
28079,21335,46669,318
28081,83343,64479,2536
28083,27920,33115,664
28085,34855,47069,795
28087,58547,53687,1421
28089,109257,79105,3335
28091,24362,38399,576
28093,33980,51431,489
28095,34168,51190,603
28097,9803,36845,193
28099,28970,47400,500
28101,21275,49160,329
28103,10261,42298,199
28105,51388,42953,955
28107,33157,47894,603
28109,56351,54220,851
28111,11511,48333,139
28113,40098,40131,917
28115,31202,54414,513
28117,24945,51578,487
28119,6113,31192,107
28121,157185,76460,3819
28123,27943,44968,480
28125,3910,41000,104
28127,25889,50867,442
28129,14310,51983,160
28131,18360,55894,282
28133,25867,37403,414
28135,12621,35428,153
28137,28094,61286,388
28139,21769,47968,374
28141,18837,45545,376
28143,9787,41676,175
28145,27880,55970,520
28147,13888,37145,206
28149,44341,54117,975
28151,44604,38394,1049
28153,19760,34875,354
28155,9942,55657,161
28157,8531,34928,122
28159,17741,45516,386
28161,12499,47006,159
28163,27467,41867,347
29001,25299,51020,562
29003,18069,68774,281
29005,5270,58521,181
29007,24873,51745,510
29009,34701,55592,723
29011,11683,48105,233
29013,16101,54122,350
29015,19616,50229,393
29017,10658,52306,205
29019,184043,66564,4615
29021,84544,58303,2066
29023,42280,47245,1034
29025,8876,58269,155
29027,44517,70599,746
29029,43227,59834,1471
29031,81703,65070,2342
29033,8513,59101,202
29035,5299,45737,148
29037,108205,82473,2107
29039,14314,43589,303
29041,7417,61910,195
29043,89568,75787,1999
29045,6693,53362,140
29047,253085,82264,5399
29049,21155,66494,375
29051,76890,70667,2200
29053,16893,62239,385
29055,23023,52367,494
29057,7598,46806,137
29059,17158,46547,293
29061,8418,59706,157
29063,11838,67910,214
29065,14509,51410,299
29067,11803,47848,203
29069,28174,44868,659
29071,104858,70111,2677
29073,14801,62638,400
29075,6219,53799,185
29077,299188,54968,8558
29079,9878,51045,229
29081,8190,51809,181
29083,22064,54903,575
29085,8452,33302,155
29087,4274,55153,136
29089,10142,59023,187
29091,39960,46401,1113
29093,9538,53401,196
29095,715526,65169,18253
29097,122788,54963,2805
29099,226984,77217,3881
29101,54025,62503,945
29103,3772,49167,97
29105,36060,49202,752
29107,32858,78397,719
29109,38231,52225,686
29111,9987,49779,184
29113,60172,82543,975
29115,11892,58435,295
29117,14402,58772,397
29119,23381,46494,313
29121,15173,54113,348
29123,12649,54042,254
29125,8454,56491,129
29127,28525,62492,817
29129,3517,55592,74
29131,24855,53490,712
29133,12305,40833,227
29135,15401,66792,332
29137,8668,50245,167
29139,11421,58660,248
29141,21169,48841,529
29143,16341,44092,408
29145,59019,60313,1247
29147,21140,53917,484
29149,8783,41365,178
29151,13374,70313,271
29153,8688,39125,156
29155,15555,37426,315
29157,18970,61486,502
29159,43059,57581,1030
29161,44843,53242,1032
29163,17719,53363,383
29165,107033,92543,2538
29167,31877,54487,607
29169,53726,62541,659
29171,4698,50950,82
29173,10356,62615,219
29175,24652,51480,525
29177,23122,69779,348
29179,6102,43856,135
29181,10839,42541,293
29183,406262,99596,8784
29185,9330,43483,164
29186,18494,61215,405
29187,66814,53083,1394
29189,999703,78067,30807
29195,23219,55396,459
29197,4066,53728,74
29199,4720,58656,132
29201,38055,54621,1021
29203,7132,46767,150
29205,6049,50387,165
29207,28656,51703,666
29209,31314,58392,714
29211,5983,53438,103
29213,56202,54467,1906
29215,24828,42870,437
29217,19777,53318,479
29219,35729,75531,627
29221,23580,49364,367
29223,11081,42758,216
29225,39265,65103,697
29227,1982,43536,49
29229,18475,43573,401
29510,298018,52941,9373
30001,9469,55867,393
30003,13090,52463,190
30005,7030,58507,132
30007,6977,61679,184
30009,10645,66780,417
30011,1332,46486,28
30013,84423,61351,2423
30015,5897,51791,147
30017,11957,61114,431
30019,1535,47378,73
30021,8915,68168,309
30023,9435,46436,295
30025,2941,79750,128
30027,11496,58321,432
30029,105950,68025,4737
30031,119685,83434,6473
30033,976,61786,29
30035,13781,41078,232
30037,841,54792,13
30039,3368,53917,110
30041,16238,58427,493
30043,12273,73875,322
30045,2039,58750,57
30047,31509,58009,913
30049,71487,71967,2493
30051,1993,48047,69
30053,20157,44593,646
30055,1746,79022,54
30057,8742,61226,394
30059,1948,55753,82
30061,4652,56098,127
30063,118541,66840,4704
30065,4924,54875,107
30067,17320,67602,909
30069,416,57981,11
30071,4233,61250,136
30073,5987,59861,178
30075,1773,60313,75
30077,6998,60994,162
30079,1283,44107,33
30081,44876,67424,1626
30083,11366,67515,510
30085,10799,51038,209
30087,8310,57656,181
30089,12615,47110,386
30091,3700,67457,157
30093,35306,56297,1156
30095,8978,78380,251
30097,3697,64872,180
30099,6238,65224,223
30101,5018,54040,166
30103,680,70096,16
30105,7552,59725,264
30107,2060,48272,64
30109,1119,58750,29
30111,165524,72300,5788
31001,31143,61502,966
31003,6302,61924,217
31005,485,66667,12
31007,670,62375,6
31009,384,52083,13
31011,5397,66800,199
31013,10778,67893,294
31015,1767,57120,57
31017,2691,44267,142
31019,50103,70093,1759
31021,6717,54950,186
31023,8373,75690,211
31025,26749,87673,598
31027,8375,72035,302
31029,3704,57313,163
31031,5473,62373,223
31033,9489,54038,278
31035,6088,73933,183
31037,10563,71205,250
31039,9000,68917,338
31041,10566,62288,356
31043,21308,66112,428
31045,8279,53760,243
31047,24037,67462,690
31049,1858,58875,50
31051,5579,60568,111
31053,37175,66793,983
31055,582638,76083,16393
31057,1825,58977,58
31059,5557,72335,209
31061,2901,55625,78
31063,2491,62928,64
31065,4630,58895,155
31067,21654,60035,656
31069,1778,47139,43
31071,1833,64957,103
31073,1873,76583,62
31075,649,65139,27
31077,2212,52813,77
31079,62575,63553,1847
31081,9400,73254,323
31083,3094,64583,97
31085,919,59405,18
31087,2620,49456,69
31089,10149,66325,427
31091,659,43333,25
31093,6476,70766,159
31095,7185,54494,216
31097,5294,64352,102
31099,6655,74276,181
31101,8303,59511,338
31103,987,63977,16
31105,3395,53151,119
31107,8415,61250,257
31109,322063,70387,8794
31111,34532,63019,1033
31113,839,69250,19
31115,629,50000,16
31117,456,58250,7
31119,35538,61139,1232
31121,7675,57873,236
31123,4562,57325,111
31125,3366,60054,90
31127,7019,57196,178
31129,4092,66000,169
31131,15995,73031,457
31133,2553,55833,65
31135,2860,61786,125
31137,8966,65114,342
31139,7301,65603,233
31141,34219,69943,1038
31143,5182,67695,138
31145,10690,58344,395
31147,7850,50321,248
31149,1312,57566,47
31151,14275,71104,318
31153,191272,95911,3914
31155,22374,84474,565
31157,36048,60137,1039
31159,17644,79677,464
31161,5102,53609,153
31163,2970,60194,87
31165,1162,50833,15
31167,5828,76035,110
31169,5006,60305,211
31171,592,70069,25
31173,6716,63459,130
31175,4053,62321,192
31177,20884,89671,631
31179,9701,64951,246
31181,3410,62571,88
31183,771,59167,20
31185,14212,72914,524
32001,25409,69922,479
32003,2265926,69911,51465
32005,49476,84262,1672
32007,53600,87755,1145
32009,980,40694,10
32011,1622,73929,39
32013,17266,75574,420
32015,5728,92388,97
32017,4507,67412,77
32019,59435,70026,836
32021,4568,46625,60
32023,51698,53602,790
32027,6587,66304,61
32029,4095,86932,88
32031,486674,81531,13559
32033,8997,71297,191
32510,58249,67465,1896
33001,63914,80719,1870
33003,50679,77049,1879
33005,76610,76551,1972
33007,31430,55247,821
33009,90836,79949,2907
33011,422733,95112,11040
33013,153918,88806,4184
33015,315169,110225,9986
33017,130965,83212,2710
33019,43356,70788,928
34001,274339,73113,6145
34003,953243,118714,31524
34005,461853,102615,10438
34007,522581,82005,11459
34009,95456,83870,3764
34011,153588,62310,2772
34013,853374,73785,19179
34015,302621,99668,6223
34017,712029,86854,13888
34019,129099,133534,3704
34021,383732,92697,9706
34023,860147,105206,21897
34025,643064,118527,19326
34027,508816,130808,16298
34029,638691,82379,14246
34031,519986,84465,12000
34033,64840,73378,1139
34035,344978,131948,9727
34037,144808,111094,3133
34039,572079,95000,13996
34041,109739,92620,2362
35001,674692,62220,15998
35003,3635,44777,66
35005,64701,49673,1351
35006,27211,49866,286
35007,12370,46286,371
35009,48327,55427,999
35011,1695,34702,46
35013,219870,51232,3761
35015,61264,77458,1512
35017,28006,44895,534
35019,4413,38713,86
35021,671,39489,11
35023,4160,53651,91
35025,73103,65855,1657
35027,20222,47919,679
35028,19253,135801,373
35029,25393,38241,376
35031,72073,44029,943
35033,4208,40231,44
35035,67850,50833,925
35037,8641,38998,206
35039,40285,52031,536
35041,19142,52644,331
35043,149460,76424,1869
35045,121798,50734,2455
35047,27215,43490,427
35049,154481,70522,4831
35051,11506,35256,215
35053,16453,40699,225
35055,34475,55145,1057
35057,15203,50727,204
35059,4074,41714,86
35061,76613,56246,957
36001,315041,78829,9328
36003,47222,58725,728
36005,1443229,47036,18186
36007,198365,58317,4003
36009,77000,56889,1495
36011,76171,63227,1531
36013,127440,54625,2664
36015,83584,61358,1643
36017,47096,61741,847
36019,79839,67097,1733
36021,61469,81741,1778
36023,46755,65029,980
36025,44637,58338,1085
36027,296467,94578,7433
36029,951232,68014,22416
36031,37314,68090,1179
36033,47459,60270,921
36035,53280,60557,1138
36037,58204,68178,1226
36039,48067,70294,1169
36041,5090,66891,188
36043,60293,68104,1081
36045,117445,62782,2352
36047,2679620,74692,60330
36049,26690,64401,504
36051,61980,70443,1184
36053,68020,68869,1274
36055,756406,71450,17417
36057,49624,58033,1032
36059,1389160,137709,48235
36061,1645867,99880,96083
36063,212230,65882,4508
36065,231055,66402,4732
36067,472637,71479,11269
36069,112288,76603,2881
36071,401237,91806,9887
36073,40148,61069,653
36075,118037,65054,2085
36077,59678,65778,1281
36079,97942,120970,2897
36081,2360826,82431,49895
36083,160943,83734,3042
36085,492925,96185,9361
36087,337326,106173,10543
36089,108670,58339,1815
36091,236328,97038,5372
36093,159447,75056,2924
36095,29970,71479,559
36097,17855,61316,379
36099,33651,64050,697
36101,93584,62506,1757
36103,1524486,122498,49818
36105,78725,67841,1998
36107,48344,70427,729
36109,102555,69995,2255
36111,182153,77197,4911
36113,65684,74531,2215
36115,61310,68703,1043
36117,91324,71007,1676
36119,997904,114651,31012
36121,40338,65066,762
36123,24713,63974,524
37001,171779,60866,3493
37003,36505,62764,582
37005,10989,42115,258
37007,22200,42000,380
37009,26759,49176,547
37011,17679,53513,510
37013,44711,56081,1097
37015,17818,41652,281
37017,29807,40476,531
37019,139721,71193,2792
37021,269449,66531,9401
37023,87799,53732,1490
37025,226396,83828,4966
37027,80716,52362,1365
37029,10547,79120,123
37031,68353,66965,2108
37033,22747,56999,241
37035,161011,62070,4261
37037,76754,84222,1581
37039,28868,49254,607
37041,13835,51188,359
37043,11186,57065,226
37045,99527,50723,1974
37047,50827,43206,952
37049,101098,61676,2187
37051,335207,55551,5832
37053,28616,82793,692
37055,37160,79742,2000
37057,169498,58473,2860
37059,43030,69105,859
37061,49312,49376,878
37063,325101,74927,7914
37065,49067,46370,716
37067,383739,61229,8828
37069,69680,70493,1150
37071,228972,62628,4468
37073,10509,55750,120
37075,8047,46010,162
37077,61161,68079,917
37079,20407,50320,284
37081,539557,62880,14096
37083,48772,41629,930
37085,134718,64992,1836
37087,62152,56596,1451
37089,116469,65508,2947
37091,21633,46196,463
37093,52612,57141,491
37095,4636,43724,148
37097,187839,73103,5184
37099,42388,51482,1036
37101,219042,75288,3768
37103,9263,53053,133
37105,63560,60941,1390
37107,55071,43063,1179
37109,87933,75672,1909
37111,44629,53532,809
37113,37088,51042,1213
37115,21414,56664,369
37117,21992,44799,425
37119,1115403,79265,35062
37121,14989,55534,376
37123,25839,55523,502
37125,100759,77981,2386
37127,95015,56770,2085
37129,228134,67515,8184
37131,17528,45698,256
37133,203686,59976,3004
37135,145919,85785,3330
37137,12317,55867,245
37139,40454,61411,918
37141,61592,74538,1278
37143,13053,59401,183
37145,39131,60688,704
37147,171196,54915,3718
37149,19538,60465,467
37151,144403,56423,2587
37153,43149,42354,797
37155,117573,39393,1795
37157,91209,50737,1614
37159,147067,59717,2766
37161,64680,50512,1242
37163,59317,49963,1005
37165,34222,41948,612
37167,62723,60634,1388
37169,44696,57539,654
37171,71429,52743,1624
37173,14130,52818,399
37175,33131,62056,930
37177,3389,55341,67
37179,240109,95533,5373
37181,42492,48340,850
37183,1132103,96734,32026
37185,18803,42282,273
37187,11051,38927,224
37189,54540,50034,1679
37191,117480,54323,2152
37193,66125,49119,1150
37195,78667,49827,1816
37197,37280,57486,617
37199,18538,53103,342
38001,2190,57950,90
38003,10826,64447,348
38005,5960,63220,74
38007,839,74000,61
38009,6411,80113,255
38011,2975,79709,153
38013,2184,94583,75
38015,98443,82141,3121
38017,186328,73249,5804
38019,3691,61174,131
38021,5003,60250,194
38023,2195,95938,83
38025,4049,91758,187
38027,2345,50375,75
38029,3297,63750,120
38031,3388,78426,138
38033,1734,84750,72
38035,72927,64698,1896
38037,2320,57069,78
38039,2309,66688,84
38041,2477,66797,91
38043,2391,57240,77
38045,4135,70227,150
38047,1849,59750,65
38049,5326,78071,137
38051,2529,64375,116
38053,14081,83813,556
38055,9781,80556,259
38057,8366,82155,242
38059,33192,79555,886
38061,9648,81886,374
38063,3025,62219,121
38065,1832,69722,47
38067,6853,64243,250
38069,3999,59583,162
38071,11613,61490,430
38073,5663,71462,206
38075,2282,77067,105
38077,16548,67089,521
38079,12292,53806,201
38081,3828,75648,112
38083,1338,68684,40
38085,3896,41201,30
38087,837,70625,16
38089,32989,78734,1183
38091,1774,85750,60
38093,21609,59167,633
38095,2152,61250,83
38097,8004,81157,286
38099,10553,68082,368
38101,69532,78143,1980
38103,3990,59732,169
38105,39076,86139,1577
39001,27509,46234,396
39003,102087,58976,2284
39005,52522,62254,1036
39007,97666,53663,1819
39009,61276,48750,1033
39011,46263,75231,987
39013,66554,56943,1353
39015,43715,66677,565
39017,388327,77062,7386
39019,26761,59872,459
39021,38715,70486,567
39023,135877,58954,2186
39025,208851,79573,3663
39027,42077,64210,695
39029,101723,55473,1919
39031,36629,52048,612
39033,41861,52486,771
39035,1256620,60074,31738
39037,51751,60237,1138
39039,38300,69302,816
39041,216074,123995,5043
39043,75299,65171,1783
39045,159371,82969,2737
39047,28901,56773,562
39049,1318149,71070,30187
39051,42602,71453,934
39053,29276,55533,557
39055,95455,97162,2761
39057,167567,81243,3272
39059,38409,53901,812
39061,827671,68249,20857
39063,75072,67006,1672
39065,30622,55876,420
39067,14528,54056,258
39069,27601,71616,572
39071,43285,60522,695
39073,28104,59007,492
39075,44273,72987,1352
39077,58518,64144,1082
39079,32563,56549,597
39081,65280,53124,1163
39083,62657,71246,1093
39085,232236,76835,5513
39087,57994,51846,797
39089,178844,78505,3146
39091,46098,69125,827
39093,313101,67272,5574
39095,430014,57265,9394
39097,43961,77062,711
39099,227979,54279,5268
39101,65366,55106,1070
39103,182347,89968,4033
39105,22242,46255,318
39107,42321,73278,1034
39109,108818,71440,2108
39111,13401,55381,259
39113,536121,61942,10993
39115,13851,51056,162
39117,35049,70412,438
39119,86393,56810,1665
39121,14216,51547,218
39123,40367,69515,1023
39125,18827,65331,307
39127,35451,62899,450
39129,58809,67600,813
39131,27151,50832,406
39133,161217,69796,3047
39135,40929,66355,661
39137,34400,79453,730
39139,125008,56557,2599
39141,76957,58048,1233
39143,58885,60814,1276
39145,73716,46360,1226
39147,55062,62476,1014
39149,48145,73502,974
39151,374199,63130,8029
39153,539361,68360,13393
39155,201749,53537,3788
39157,92840,61953,2080
39159,63411,104496,1119
39161,28833,64841,527
39163,12790,50967,148
39165,243189,103128,4547
39167,59639,59053,1338
39169,116680,70320,2519
39171,36973,60632,782
39173,131564,70537,2759
39175,21818,68552,493
40001,19726,44955,236
40003,5683,75028,118
40005,14117,49181,260
40007,5071,62981,141
40009,22295,51499,728
40011,8661,56843,235
40013,46528,54289,875
40015,26910,52443,443
40017,156681,82364,2904
40019,48202,56390,1572
40021,47412,52410,768
40023,14285,43252,294
40025,2272,57100,66
40027,295060,71757,6009
40029,5287,47117,77
40031,121777,57150,2126
40033,5537,60208,82
40035,14144,48018,358
40037,72076,61657,1374
40039,28391,58669,915
40041,40791,53290,779
40043,4504,61310,168
40045,3755,57768,114
40047,62456,64165,1552
40049,25806,53600,716
40051,55314,74349,1132
40053,4152,58980,119
40055,5531,55204,70
40057,2499,55729,49
40059,3272,59934,87
40061,11651,46239,210
40063,13409,44799,196
40065,24776,60954,517
40067,5420,48346,105
40069,10410,48476,172
40071,43859,53746,1045
40073,15290,65167,488
40075,8446,42679,171
40077,9537,42735,154
40079,48525,46750,795
40081,33734,57656,576
40083,49919,80565,858
40085,10158,60758,162
40087,42393,80150,932
40089,31003,47046,627
40091,19159,43467,341
40093,7678,67621,246
40095,15494,53734,311
40097,39324,56552,806
40099,13837,60213,281
40101,66606,50289,1346
40103,10981,66813,201
40105,9460,50960,150
40107,11349,45429,168
40109,795822,62505,24455
40111,36900,50819,637
40113,46004,58189,619
40115,30472,46186,565
40117,15682,56279,252
40119,82058,46658,1838
40121,43758,53054,904
40123,38116,59457,947
40125,72734,58270,1258
40127,10845,42274,188
40129,3423,57574,76
40131,95870,75312,1856
40133,23592,43239,429
40135,39538,47494,586
40137,43140,57065,1065
40139,21144,55682,471
40141,7013,46306,120
40143,668923,65229,19268
40145,82269,75082,1024
40147,52579,59426,1139
40149,10930,60600,216
40151,8661,50724,264
40153,20411,61207,761
41001,16685,51657,524
41003,95615,72882,2162
41005,420925,95740,12364
41007,41190,68025,1558
41009,52865,83265,1008
41011,64908,57563,1609
41013,24987,74969,612
41015,23404,64300,712
41017,199352,82042,8205
41019,111322,56440,2631
41021,1983,58409,69
41023,7237,56045,220
41025,7496,45462,210
41027,23965,80254,1026
41029,222604,67690,6541
41031,24659,69345,427
41033,87994,56068,2102
41035,69506,57219,1548
41037,8201,54663,182
41039,382218,65157,10057
41041,50334,57794,1579
41043,128598,69523,2752
41045,31538,48371,700
41047,345815,70926,8851
41049,12140,64975,200
41051,808098,83668,27654
41053,87600,77353,1561
41055,1900,57171,63
41057,27345,63098,742
41059,79904,70322,1571
41061,26286,61946,755
41063,7439,62238,364
41065,26639,61316,704
41067,599541,100121,16077
41069,1407,50774,28
41071,107674,80125,2656
42001,104604,78975,1920
42003,1245310,72537,33552
42005,65538,61011,1261
42007,167629,67194,3311
42009,47613,58337,1040
42011,428483,74617,8378
42013,122640,59386,3151
42015,60159,60650,1306
42017,645163,107826,19656
42019,194562,82932,4962
42021,133263,54221,2978
42023,4536,46186,115
42025,65018,64538,1162
42027,158665,70087,3294
42029,536474,118574,14927
42031,37489,58690,931
42033,79707,56982,1891
42035,37860,59011,789
42037,64924,59457,1399
42039,83876,58734,1913
42041,261269,82849,6334
42043,286108,71046,6973
42045,575312,86390,13190
42047,30886,61672,902
42049,270495,59396,6096
42051,128417,55579,2507
42053,6959,46188,99
42055,156084,71808,3107
42057,14545,63153,250
42059,35781,66283,683
42061,44123,61300,827
42063,83394,57170,1775
42065,44326,56607,1081
42067,23535,61915,497
42069,215672,63739,5156
42071,553202,81458,13514
42073,85907,57585,1875
42075,143258,72532,2733
42077,374110,74973,8682
42079,325396,60836,7095
42081,114022,63437,2701
42083,40459,57861,932
42085,110600,57353,2633
42087,46146,58012,988
42089,168128,80656,3473
42091,856399,107441,26581
42093,18165,72626,446
42095,314299,82201,6455
42097,91340,55952,1618
42099,45941,76103,784
42101,1593208,57537,30007
42103,58996,76416,978
42105,16390,56491,362
42107,143201,63574,2675
42109,39797,65914,879
42111,73802,57357,1595
42113,5880,62910,158
42115,38540,63968,809
42117,41186,59707,864
42119,42908,64914,934
42121,50475,59278,1153
42123,38492,57925,849
42125,209631,74403,5205
42127,51227,59240,1303
42129,354414,69454,8356
42131,26219,67968,648
42133,457051,79183,8648
44001,50658,105875,1309
44003,170168,85732,4678
44005,85442,96319,2784
44007,657984,72579,16116
44009,129998,99510,3724
45001,24368,49759,334
45003,169865,63212,2951
45005,8073,37096,115
45007,204592,62347,3980
45009,13311,43920,245
45011,20653,42470,327
45013,189071,81260,5814
45015,231419,77874,3810
45017,14145,55550,246
45019,409840,78795,14841
45021,56200,47011,922
45023,32171,50022,545
45025,43536,46326,685
45027,31163,48677,488
45029,38561,46795,752
45031,63025,44317,1082
45033,28255,42454,464
45035,162139,73686,2676
45037,26181,60033,334
45039,20942,44521,338
45041,137015,56088,3192
45043,63594,59782,1899
45045,528251,71328,14645
45047,69309,47553,1338
45049,18890,40157,301
45051,356578,59880,9911
45053,29444,60452,759
45055,65779,61343,1147
45057,97611,72186,1627
45059,67456,52077,939
45061,16557,39099,202
45063,295934,71280,7139
45065,9612,55569,100
45067,29212,35972,487
45069,26585,34275,308
45071,37918,56706,771
45073,78775,56710,1646
45075,84159,41020,1599
45077,131106,57628,2127
45079,416161,59850,9352
45081,18952,51041,241
45083,330119,61955,6937
45085,105199,53970,1792
45087,27158,42305,399
45089,30879,40848,475
45091,282987,80158,5774
46003,2590,71490,75
46005,19089,63813,568
46007,3391,44821,61
46009,7018,57554,168
46011,34631,64438,937
46013,38278,70379,1256
46015,5247,64821,215
46017,1859,42917,10
46019,10369,58106,335
46021,1534,66932,53
46023,9302,60729,288
46025,3837,59340,126
46027,14953,55963,304
46029,28402,65747,1167
46031,3906,48125,38
46033,8515,75943,310
46035,19966,55606,707
46037,5485,57558,205
46039,4298,76997,137
46041,5275,55077,83
46043,2823,75048,100
46045,4014,76806,122
46047,7079,54886,206
46049,2140,56734,65
46051,7533,70851,290
46053,3983,48272,178
46055,1755,53109,81
46057,6196,76995,191
46059,3075,72857,128
46061,3443,86827,76
46063,1176,71484,45
46065,17812,83750,650
46067,7401,69139,229
46069,1319,69712,42
46071,2838,26078,51
46073,1836,66607,74
46075,1006,61250,52
46077,5172,65964,167
46079,11207,74884,355
46081,26047,62977,1154
46083,65801,92317,1908
46085,3719,60284,75
46087,5714,74873,185
46089,2251,58529,60
46091,4363,74018,143
46093,29970,70256,745
46095,1989,41397,18
46097,2312,62037,78
46099,197742,73110,6026
46101,6346,71469,165
46102,13695,32279,82
46103,110386,67823,3950
46105,2970,64410,125
46107,2587,71786,103
46109,10242,59022,229
46111,2373,65806,61
46115,6355,65795,186
46117,2979,82298,117
46119,1318,66875,71
46121,9353,33792,54
46123,5607,56758,195
46125,8687,72312,253
46127,16700,82036,538
46129,5317,57697,214
46135,23311,68847,717
46137,2455,46023,41
47001,77337,60633,1573
47003,50533,59955,846
47005,15933,47737,288
47007,14816,51783,112
47009,135951,70935,2428
47011,108859,60692,2011
47013,39397,48258,565
47015,14481,57651,206
47017,28381,49700,426
47019,56315,47994,737
47021,41184,77014,651
47023,17392,57471,257
47025,32092,42406,451
47027,7592,39572,105
47029,36186,45110,451
47031,58080,57424,1268
47033,13955,59136,241
47035,61552,56002,1115
47037,709786,71863,21052
47039,11483,48466,214
47041,20209,46907,308
47043,54563,68492,1047
47045,36818,53150,783
47047,42228,81074,697
47049,18642,47884,275
47051,42980,57933,717
47053,50455,55455,909
47055,30317,56877,533
47057,23648,47098,245
47059,70399,51975,1200
47061,13550,47948,161
47063,64531,49656,1311
47065,367193,69069,9543
47067,6726,31809,57
47069,25519,43566,339
47071,26824,46902,510
47073,57107,53647,601
47075,17806,44890,293
47077,27845,51576,493
47079,32305,48025,682
47081,24996,54669,289
47083,8253,51544,100
47085,19032,54185,342
47087,11730,42357,118
47089,55017,60393,741
47091,17982,47571,241
47093,481406,68580,12035
47095,6898,32064,62
47097,25171,46702,284
47099,44377,51038,757
47101,12637,44613,220
47103,35365,61374,579
47105,55507,75008,974
47107,53532,57982,929
47109,25895,46920,423
47111,25365,51215,317
47113,98644,55280,2547
47115,28852,58139,435
47117,34567,65325,532
47119,102002,71500,1955
47121,12839,59434,102
47123,46489,52123,727
47125,222305,67890,3220
47127,6558,69250,81
47129,21124,51971,154
47131,30670,50638,630
47133,22576,46580,339
47135,8432,55978,111
47137,5042,44317,79
47139,17620,53775,229
47141,80157,54371,1873
47143,33031,55568,491
47145,53777,66460,739
47147,73297,74440,1273
47149,343727,78291,5833
47151,21917,39744,321
47153,16065,53038,189
47155,98455,60103,2981
47157,926440,59621,19909
47159,20034,57677,291
47161,13724,57257,165
47163,158722,54357,3338
47165,196845,81883,3556
47167,61116,70674,723
47169,11596,62018,112
47171,17845,49855,236
47173,19860,57094,218
47175,6182,44730,47
47177,41163,52948,741
47179,133282,58507,2966
47181,16325,49360,217
47183,32946,47769,554
47185,27420,48220,407
47187,248897,125943,8041
47189,149096,89462,3051
48001,58077,57445,865
48003,18362,86458,425
48005,86608,57055,1886
48007,24048,58168,537
48009,8649,69954,225
48011,1912,70417,45
48013,49403,67442,811
48015,30406,73556,677
48017,6902,69830,139
48019,21182,70965,404
48021,98435,80151,1551
48023,3475,52716,103
48025,30977,50283,457
48027,372821,62858,5596
48029,2014059,67275,38060
48031,11608,79717,380
48033,686,80625,8
48035,18404,63868,300
48037,92747,56628,2231
48039,374600,91972,6224
48041,234548,57562,4690
48043,9454,47747,284
48045,1290,35446,35
48047,7059,30566,104
48049,38159,53792,849
48051,17958,71745,336
48053,49684,71482,1430
48055,46141,66779,675
48057,20127,62267,454
48059,13869,63906,240
48061,421854,47435,6569
48063,12543,53968,221
48065,5801,83199,131
48067,28637,54303,518
48069,7381,59886,159
48071,47037,106103,737
48073,50824,56971,787
48075,6781,56063,169
48077,10290,75227,150
48079,2529,41597,37
48081,3305,40230,56
48083,7808,51034,188
48085,1079153,113255,28370
48087,2865,52045,69
48089,20582,63352,551
48091,165201,93744,4440
48093,13651,57383,269
48095,3235,55750,45
48097,41860,66374,942
48099,82927,63281,776
48101,1647,47625,24
48103,4636,71364,88
48105,2949,64103,117
48107,5157,50268,86
48109,2181,35924,57
48111,7165,71969,211
48113,2604053,70732,69959
48115,12342,45268,272
48117,18585,51942,351
48119,5278,68491,57
48121,914870,104180,17919
48123,19826,61100,443
48125,1570,46638,36
48127,8672,27374,215
48129,3298,51711,73
48131,9960,50697,140
48133,17812,52902,471
48135,162300,70566,3782
48137,1380,40809,42
48139,195509,93248,3563
48141,863832,55417,15498
48143,42788,59654,1040
48145,17013,45172,229
48147,36052,65835,524
48149,24564,72881,763
48151,3680,60461,65
48153,5386,49321,133
48155,1075,41944,26
48157,832607,109987,16335
48159,10445,67915,172
48161,19599,55902,341
48163,18151,56042,312
48165,21523,73299,485
48167,350801,83913,6275
48169,5735,56215,123
48171,26953,70162,1124
48173,1068,112188,37
48175,7092,58125,128
48177,19736,64255,406
48179,21272,54563,507
48181,137008,66608,2715
48183,124245,63811,4043
48185,29442,63484,474
48187,173828,88111,2481
48189,32525,50721,642
48191,2847,43873,64
48193,8244,54890,234
48195,5270,62350,147
48197,3541,60455,84
48199,56576,70164,830
48201,4726177,70789,108434
48203,69098,63427,1333
48205,5369,78065,114
48207,5408,52786,134
48209,245351,79990,5124
48211,3371,67798,126
48213,82627,59778,1394
48215,873167,49371,12613
48217,36138,60669,645
48219,21495,53283,470
48221,62459,80013,1450
48223,37008,63766,783
48225,22107,51043,353
48227,34488,67243,733
48229,3329,35163,35
48231,101596,66885,1672
48233,20595,62211,413
48235,1561,54708,57
48237,8588,58861,204
48239,15010,67176,340
48241,33032,48818,634
48243,1992,38125,61
48245,254942,57294,5694
48247,4830,42292,76
48249,39060,46626,766
48251,182690,77058,3177
48253,19758,59361,254
48255,14805,57798,332
48257,149773,84075,2371
48259,45376,104196,1567
48261,116,45455,17
48263,635,68553,12
48265,52810,66713,1511
48267,4316,62386,144
48271,3157,52386,36
48273,30860,52487,533
48275,3333,48750,91
48277,50149,58246,1223
48279,13024,54519,227
48281,21829,73269,432
48283,6965,62798,146
48285,20379,58530,466
48287,17543,66448,420
48289,15928,57363,356
48291,93523,59605,1149
48293,22222,53102,393
48295,3038,71625,67
48297,11374,55949,266
48299,21637,64241,514
48303,311509,61911,7678
48305,5619,52996,75
48307,7638,53214,201
48309,261090,59781,5559
48311,670,60313,40
48313,13556,65768,259
48315,9668,48040,156
48317,5228,70217,118
48319,3959,77583,146
48321,36251,56412,721
48323,57806,48497,834
48325,51432,73060,797
48327,1964,40945,46
48329,169393,90123,5761
48331,25080,56985,421
48333,4501,59315,115
48335,8947,49869,131
48337,20197,63336,441
48339,629989,95946,13580
48341,21284,59041,446
48343,11993,51532,199
48345,1223,66528,20
48347,64768,51153,1290
48349,52834,56261,938
48351,12333,38871,129
48353,14657,47437,338
48355,353245,64027,8005
48357,9924,62240,361
48359,2171,71103,42
48361,84761,71910,1321
48363,28569,65242,610
48365,22540,58205,458
48367,151188,95721,3209
48369,9809,65575,199
48371,15114,59325,341
48373,50536,57315,829
48375,117905,47974,3498
48377,6168,29012,140
48379,12257,60291,200
48381,141489,78038,2753
48383,3308,70319,119
48385,2830,46842,90
48387,11627,44583,182
48389,14022,57487,375
48391,6718,54304,135
48393,764,62667,19
48395,16912,59410,269
48397,110631,121303,2765
48399,9858,55424,223
48401,52755,61661,789
48403,9980,47061,194
48405,7920,45888,131
48407,27666,54839,212
48409,68942,63842,1093
48411,5779,54087,155
48413,2474,53774,46
48415,16883,58932,389
48417,3134,60924,116
48419,24157,49231,530
48421,2414,66169,55
48423,234667,69053,6073
48425,9337,87899,227
48427,65716,35979,570
48429,9260,44712,243
48431,1392,63558,50
48433,1331,66591,45
48435,3345,56778,116
48437,6989,40290,122
48439,2113854,78872,45993
48441,143029,61806,3594
48443,862,52813,10
48445,11816,42694,217
48447,1439,55221,48
48449,31301,57634,680
48451,119276,67215,2865
48453,1289054,92731,39991
48455,13735,51165,186
48457,19962,50898,258
48459,41261,60456,527
48461,3284,55284,91
48463,24833,55000,613
48465,47693,57250,786
48467,60053,62334,936
48469,91209,66308,2230
48471,77182,47193,1033
48473,57463,71643,922
48475,11347,70771,307
48477,35807,70043,964
48479,267282,59984,5698
48481,41614,59712,989
48483,4980,58158,169
48485,129584,58862,3007
48487,12795,50769,284
48489,20308,42839,183
48491,617396,102851,13382
48493,50381,89708,784
48495,7582,89155,190
48497,70062,85385,1433
48499,45341,61748,841
48501,7630,80317,187
48503,17903,65565,565
48505,13896,35061,135
48507,9700,49243,96
49001,7102,80268,195
49003,58291,72769,1291
49005,134428,72719,3833
49007,20338,53734,474
49009,638,61250,27
49011,363032,101285,8282
49013,19779,70821,642
49015,9898,67056,199
49017,5121,56481,197
49019,9680,59171,537
49021,58068,63005,1756
49023,11943,88048,253
49025,7814,70327,308
49027,13027,69403,275
49029,12367,120854,342
49031,1764,33359,33
49033,2543,69250,120
49035,1180643,90011,34648
49037,14524,52108,260
49039,28816,64356,495
49041,21667,66972,552
49043,42524,126392,2706
49045,74032,95545,1068
49047,35951,67983,1052
49049,666021,91263,16210
49051,35009,104855,1216
49053,183297,71976,6500
49055,2532,64870,110
49057,262960,82291,6088
50001,37434,85870,1147
50003,37326,68558,1297
50005,30418,62964,898
50007,168309,89494,5636
50009,5976,55247,108
50011,50101,73633,1041
50013,7335,86639,180
50015,25977,69886,959
50017,29439,74534,693
50019,27459,63981,769
50021,60585,62641,1986
50023,59768,77278,2135
50025,45857,65473,1646
50027,57832,69492,1926
51001,33367,52694,706
51003,112513,97708,2874
51005,15159,52546,238
51007,13309,63438,259
51009,31426,64454,545
51011,16253,60041,302
51013,235845,137387,6326
51015,77433,76124,1440
51017,4177,55699,116
51019,79761,74773,1770
51021,6241,59901,76
51023,33734,77680,768
51025,15965,52678,249
51027,20246,39591,347
51029,16869,59894,255
51031,55518,59022,1192
51033,31181,83562,406
51035,29126,49113,408
51036,6760,65573,155
51037,11563,51548,213
51041,366019,95757,7838
51043,14882,107475,376
51045,4898,66286,69
51047,52822,92359,1078
51049,9697,56497,147
51051,14089,40143,201
51053,28057,77225,368
51057,10602,52335,297
51059,1145354,145165,31808
51061,73290,122785,1917
51063,15532,57146,331
51065,27442,90766,410
51067,54838,66275,1186
51069,92007,92443,1607
51071,16711,61987,285
51073,38875,83750,855
51075,24906,105600,699
51077,15356,43348,166
51079,20631,81338,373
51081,11373,51823,100
51083,34013,49145,677
51085,110513,104678,3306
51087,333120,82424,9477
51089,50760,43694,792
51091,2247,57070,83
51093,38898,91680,744
51095,78818,100711,1768
51097,6681,70147,120
51099,26985,103264,476
51101,17845,79398,340
51103,10866,62674,442
51105,22287,41619,245
51107,420773,170463,11720
51109,38106,76594,650
51111,11988,54438,159
51113,13828,74586,281
51115,8537,79054,192
51117,30367,51265,765
51119,10738,69389,294
51121,99373,65270,1991
51125,14773,64028,367
51127,23296,113120,422
51131,12132,54693,304
51133,12007,64655,304
51135,15638,62366,295
51137,36593,87309,679
51139,23753,56760,421
51141,17660,49180,266
51143,60541,52619,853
51145,30503,108089,729
51147,21922,57304,500
51149,42634,80318,472
51153,481114,123193,9022
51155,33841,59740,615
51157,7422,98663,200
51159,8968,62708,179
51161,96653,80872,2051
51163,22673,61903,439
51165,83905,73232,1554
51167,25763,44088,450
51169,21536,44535,248
51171,44337,62149,887
51173,29799,45061,482
51175,18003,67813,225
51177,141097,105068,2640
51179,157606,128036,2509
51181,6546,68655,85
51183,10866,59195,168
51185,40392,46508,910
51187,40800,79313,890
51191,53985,59116,1136
51193,18480,56647,316
51195,36105,47541,609
51197,28275,53921,677
51199,70238,105154,1496
51510,157594,113179,4565
51520,17036,45250,526
51530,6639,48783,102
51540,46289,67177,2001
51550,249377,92703,5716
51570,18158,72216,642
51580,5722,45737,195
51590,42507,41484,1222
51595,5680,41442,220
51600,24242,128708,1995
51610,14576,164536,863
51620,8194,57537,257
51630,28258,83445,1413
51640,6687,44612,304
51650,137217,64430,2401
51660,51784,56050,1627
51670,23046,50661,411
51678,7346,93651,254
51680,79166,56243,2240
51683,42620,110559,1508
51685,17123,91673,334
51690,13539,39127,512
51700,185118,63355,3786
51710,236973,60998,5395
51720,3668,36974,194
51730,33261,46930,705
51735,12479,114503,226
51740,97384,57154,1620
51750,16379,51039,291
51760,227171,59606,6419
51770,99213,51523,3104
51775,25372,68402,1003
51790,25581,59731,740
51800,94856,87758,1734
51810,457900,87544,11625
51820,22341,52519,603
51830,15486,66815,542
51840,28103,62495,1373
53001,20557,63105,377
53003,22370,63724,441
53005,207560,83778,4931
53007,79076,71876,2678
53009,77333,66108,2094
53011,504091,90115,11993
53013,3980,68825,119
53015,110621,70912,2242
53017,43189,79422,808
53019,7260,50424,140
53021,96692,77877,1831
53023,2310,57958,45
53025,99145,66387,1973
53027,75672,59105,1558
53029,86510,82850,1895
53031,33006,64796,1018
53033,2254371,116340,70745
53035,275411,93675,6165
53037,44424,66800,1378
53039,22798,66581,552
53041,82663,67247,1944
53043,11036,68172,276
53045,66053,74388,1065
53047,42336,58218,1160
53049,23396,58889,597
53051,13570,59353,241
53053,918993,91486,19462
53055,18001,76745,1025
53057,129480,82029,3580
53059,12118,84500,203
53061,828337,104083,19912
53063,538711,70394,13865
53065,46774,62381,918
53067,294272,88895,6529
53069,4476,59167,85
53071,62150,66635,1449
53073,226523,77581,6994
53075,47141,49345,848
53077,256143,64910,4880
54001,15527,44341,203
54003,123283,73619,1713
54005,21705,56182,236
54007,12505,42245,238
54009,22349,51963,375
54011,93965,48944,2294
54013,6279,39031,85
54015,8049,41530,67
54017,7847,56587,71
54019,40545,50090,683
54021,7444,51552,100
54023,11034,52877,236
54025,32995,45519,879
54027,23275,55222,312
54029,28907,57515,544
54031,14249,49205,276
54033,65862,56184,1772
54035,27868,55173,463
54037,58043,93744,940
54039,179895,55226,4494
54041,16920,50552,361
54043,20410,50985,157
54045,32350,42194,552
54047,18911,28235,195
54049,56194,59974,1109
54051,30509,58129,497
54053,25488,53058,315
54055,59530,46409,1170
54057,26957,64728,444
54059,23466,38305,316
54061,105988,60893,2405
54063,12438,52392,168
54065,17237,61021,231
54067,24624,48826,545
54069,42224,55521,1285
54071,6156,52458,143
54073,7622,59666,127
54075,7940,41680,221
54077,34206,60136,510
54079,57347,75725,1209
54081,74303,47975,1653
54083,28005,51186,649
54085,8507,48973,188
54087,14027,41299,223
54089,11985,42991,156
54091,16602,52946,210
54093,6747,54053,157
54095,8336,59167,120
54097,23875,49663,511
54099,38933,52694,462
54101,8362,43409,112
54103,14431,50715,319
54105,5202,52776,53
54107,84272,54350,1894
54109,21237,44510,273
55001,20730,55223,334
55003,16041,57000,476
55005,46683,59379,1352
55007,16214,67266,446
55009,268393,74066,6578
55011,13329,64238,292
55013,16561,60466,400
55015,52361,84151,896
55017,66254,69815,1631
55019,34703,63187,751
55021,58272,79271,1420
55023,16123,60823,379
55025,559891,84297,14402
55027,89032,71747,1690
55029,30038,68257,1291
55031,44092,64682,1016
55033,45221,69721,905
55035,105697,70127,2662
55037,4574,58049,102
55039,104027,70368,2263
55041,9239,55552,223
55043,51842,63497,1171
55045,37066,76080,993
55047,19093,66395,454
55049,23766,79226,555
55051,6136,55777,179
55053,20958,64630,393
55055,85932,77018,2006
55057,26695,63455,531
55059,168693,76583,3312
55061,20570,77610,453
55063,120216,68731,3101
55065,16716,69293,340
55067,19512,55091,544
55069,28402,64314,674
55071,81242,66412,1718
55073,137820,73248,3375
55075,41827,60347,1045
55077,15619,59748,268
55078,4279,62194,22
55079,933063,59319,20215
55081,46208,66451,963
55083,39048,73611,782
55085,37799,66111,1371
55087,190611,78705,5161
55089,91745,92258,2802
55091,7363,70833,216
55093,42187,82996,787
55095,45128,74142,1149
55097,70281,71301,1682
55099,14066,55822,370
55101,197068,72658,4057
55103,17256,61985,369
55105,163817,70630,3389
55107,14179,57473,315
55109,93752,97950,2351
55111,65664,72930,1819
55113,18057,57519,634
55115,40848,65493,888
55117,117741,68969,2668
55119,19979,61360,473
55121,30679,68474,669
55123,30811,65177,634
55125,23146,63726,978
55127,105127,75172,2777
55129,16685,58504,516
55131,136842,91915,3329
55133,407290,101639,12711
55135,51822,69198,1171
55137,24672,61033,456
55139,171197,70041,3669
55141,74138,63273,1741
56001,37525,55887,1055
56003,11690,61262,309
56005,46857,93315,1464
56007,14609,65196,507
56009,13729,79235,433
56011,7258,68876,264
56013,39402,60030,1244
56015,12592,62356,328
56017,4616,64031,177
56019,8536,60667,526
56021,100316,76282,3471
56023,19794,83033,886
56025,79506,69104,2930
56027,2460,54375,72
56029,29878,66754,1286
56031,8618,64753,270
56033,31176,68898,1941
56035,8801,85960,439
56037,42079,79375,1175
56039,23346,108279,2345
56041,20546,78164,570
56043,7725,61875,321
56045,6870,71800,205
72001,17972,17659,147
72003,37998,20301,548
72005,54752,18348,914
72007,24136,23160,143
72009,24555,22511,289
72011,25497,22673,265
72013,87217,21799,1068
72015,15797,18496,88
72017,22604,20282,298
72019,28899,21262,280
72021,184326,29403,3043
72023,46983,23077,569
72025,126772,29279,2444
72027,32733,23263,333
72029,42218,26021,369
72031,154126,32888,1981
72033,23060,22407,325
72035,41509,26704,504
72037,11256,22945,81
72039,16924,19618,113
72041,39831,25580,380
72043,34557,20569,274
72045,18817,16153,120
72047,34459,21670,322
72049,1186,25483,47
72051,35786,31485,675
72053,31984,24309,495
72054,11641,21560,54
72055,13682,14525,89
72057,36365,19165,458
72059,17670,21312,108
72061,89554,43304,2267
72063,40517,39533,380
72065,38330,24407,516
72067,15571,22542,180
72069,50729,25940,778
72071,42817,19965,481
72073,14726,18363,106
72075,46333,23035,310
72077,36928,25931,263
72079,23202,17131,178
72081,27990,18844,206
72083,8826,16506,57
72085,35099,23193,290
72087,23580,21306,86
72089,17716,22585,158
72091,39310,20385,638
72093,5354,20133,24
72095,10563,21951,49
72097,72721,16788,1562
72099,37363,20331,414
72101,28659,22282,178
72103,23340,20486,159
72105,29153,20616,330
72107,21378,16869,196
72109,15927,20778,102
72111,20298,20072,154
72113,136542,18994,2330
72115,23540,20209,214
72117,15164,26771,210
72119,46838,25963,368
72121,22639,20464,181
72123,25688,20123,187
72125,31680,17862,336
72127,340903,26111,11651
72129,37552,19629,288
72131,39183,17557,484
72133,20207,22680,182
72135,66699,32456,386
72137,74854,28719,777
72139,67497,35821,587
72141,28155,17164,210
72143,35279,24778,412
72145,54182,23701,448
72147,8199,17062,111
72149,21984,22461,138
72151,30313,19972,177
72153,33988,19827,406
02063,7000,83068,82
02066,2614,70606,39
09110,977165,88190,30521
09120,326381,83147,10214
09130,175244,99742,6123
09140,451887,82939,14087
09150,95687,83119,2911
09160,112696,87971,3542
09170,571298,83617,17804
09180,280293,80330,8712
09190,620666,118930,19763
15005,50,87813,7
48269,216,59375,11
48301,96,59375,11
